"","time","factor","gender","stage1_0","stage1_1","stage1_2","stage1_3","stage1_4","stage1_5","stage1_6","stage1_7","stage1_8","stage1_9","stage2_0","stage2_1","stage2_2","stage2_3","stage2_4","stage2_5","stage2_6","stage2_7","stage2_8","stage2_9","stage3_0","stage3_1","stage3_2","stage3_3","stage3_4","stage3_5","stage3_6","stage3_7","stage3_8","stage3_9","stage3_10","stage3_11","stage3_12","stage3_13","stage3_14","stage3_15","stage3_16","stage3_17","stage3_18","stage3_19","stage4_0","stage4_1","stage4_2","stage4_3","stage4_4","stage4_5","stage4_6","stage4_7","stage4_8","stage4_9","stage5_0","stage5_1","stage5_2","stage5_3","stage5_4","stage5_5","stage5_6","stage5_7","stage5_8","stage5_9","stage5_10","stage5_11","stage5_12","stage5_13","stage5_14","stage5_15","stage5_16","stage5_17","stage5_18","stage5_19","cp"
"1","12:17:19",4,"Male",6.28847,2.62927,1.32918,1.01748,1.6037,1.00932,2.71269,1.1852,2.57489,0.85334,1.92496,0.94294,0.84435,0.70935,0.83364,1.84419,0.78866,3.70249,0.94923,1.21943,11.29415,1.05947,0.97249,1.82683,3.56939,0.63161,0.72515,0.84512,0.97167,1.44955,0.87079,1.16162,0.8011,0.72799,0.72913,0.77936,0.6536,0.68486,0.7253,0.69643,3.99426,1.10262,2.07535,0.80136,2.15223,0.62339,0.5313,0.58743,0.63725,0.67701,2.4948,1.00981,2.6539,0.68784,1.90165,0.87414,0.87708,0.84092,1.87999,0.72952,0.03061,3.70199,5.74164,2.26502,0.87493,2.9272,4.12858,2.58217,5.37872,0.81961,1
"2","12:21:36",2,"Female",0.96048,1.14943,0.98147,0.76248,0.69109,0.77809,0.70952,0.70717,0.69781,0.64429,2.14004,0.7591,0.61439,0.79871,0.55448,0.69604,0.81419,0.79762,1.14835,0.7619,5.76758,0.81525,0.83289,0.64676,1.21046,0.75741,1.02427,0.77235,0.6716,0.84597,0.69841,0.78175,0.96787,0.56799,0.75179,1.44451,0.67728,0.62757,0.66172,0.51967,1.30135,0.78914,2.41151,0.77355,0.60769,0.65043,1.29704,1.04719,0.58321,1.01659,2.31552,0.01453,1.01866,0.70249,0.98186,1.30002,0.57905,0.61813,0.80202,0.6357,0.70881,3.06803,0.57121,0.61929,0.54292,0.49623,0.84743,0.74041,0.76241,1.60372,1
"3","12:26:50",4,"Male",2.89368,1.37056,2.08636,1.33253,0.75074,1.15213,0.98377,2.63939,1.25364,1.06948,2.20692,0.90435,0.66112,0.70155,1.82415,0.67193,0.64886,0.77168,0.67097,0.6646,5.50041,5.23111,0.97407,0.71007,6.7009,1.53284,3.06665,1.12348,1.34311,0.98863,0.75126,0.61243,0.59131,0.61349,0.62839,0.46383,0.53119,1.21582,0.72294,0.48992,4.98771,2.18139,0.76111,0.63284,0.70776,0.55802,1.12442,0.71174,0.54173,0.94296,10.09942,0.6841,0.69353,5.53462,1.42463,2.3921,3.98813,1.14207,0.66191,1.21475,1.55531,0.70634,0.58278,1.00839,0.64536,0.99045,0.53764,0.72126,1.16845,0.50759,1
"4","12:32:44",1,"Male",2.90335,4.15732,1.06954,0.68013,0.59962,0.66694,2.26251,1.56785,3.74372,0.68251,1.5681,0.91632,2.09464,0.73276,0.69677,0.77207,0.60762,0.91131,0.62822,0.62727,1.28867,7.16987,2.12212,0.76357,1.20431,2.45363,3.69804,0.72209,0.77349,2.61485,0.58291,1.4921,0.77994,0.88336,1.28911,21.35927,10.90326,2.84068,2.85793,1.93628,9.00407,4.2166,2.63346,1.47569,1.48365,1.34867,0.70864,0.67856,0.68301,0.77179,2.61581,3.57865,2.7742,1.31695,0.62271,1.3165,0.70273,1.53487,1.84081,2.78569,0.56853,0.86525,0.89196,0.80763,0.54421,0.79339,1.1309,0.60188,1.18899,1.83813,1
"5","12:39:01",1,"Male",2.31163,1.25925,1.22576,0.9889,0.91253,1.00809,1.00229,0.91637,0.90978,1.01865,1.02622,0.82053,0.65382,0.50765,0.97738,0.95035,0.85349,0.8297,0.66304,0.64064,3.01728,1.30519,5.23906,1.40566,0.76099,0.68667,0.60295,0.90634,1.26142,0.60663,1.39135,0.73373,0.65631,0.90316,0.84279,0.55371,0.80336,0.50789,1.78837,0.59123,1.42277,1.0887,1.23488,0.73901,0.6322,0.71593,1.31498,0.67324,0.75706,0.75147,1.71694,0.91437,0.80804,0.7198,0.99574,1.72224,0.97813,0.99059,1.02589,3.3439,2.00119,1.40985,0.98403,0.94472,0.75211,0.57204,0.75127,0.62495,3.6768,3.0665,1
"6","12:43:46",3,"Male",4.56451,1.17086,2.11856,1.11414,1.62113,1.05925,1.46891,0.78721,2.21427,0.83546,1.92194,4.41173,1.20058,0.76848,0.76343,1.02383,1.18677,0.68999,0.55383,0.64272,1.47342,2.15461,0.80475,0.55074,0.96518,0.89348,1.03603,0.70176,1.10486,0.76299,3.23647,1.0273,0.93094,0.98692,0.67787,0.68865,1.00268,0.6297,0.6704,1.51215,4.37846,3.25244,1.01007,1.23533,0.06177,0.9443,0.93754,0.71464,0.45198,1.08976,4.12554,1.63241,2.44832,0.83248,1.20617,0.46171,0.50957,0.63663,0.68312,0.51842,0.86477,0.60472,0.67225,0.47819,0.71084,0.37523,0.06611,0.38876,0.6714,0.68368,1
"7","12:47:01",4,"Male",2.37599,1.52758,1.05861,1.20415,0.90743,1.79583,1.29581,0.98808,1.18492,1.18686,2.70066,1.50632,1.01233,0.79092,1.29397,0.63003,0.62113,0.79775,0.77633,1.02628,1.955,11.32178,2.38443,3.78704,2.61261,6.09248,0.97486,1.30313,0.99251,2.02205,1.03777,0.72319,0.81066,1.10506,0.71482,5.905,0.80366,1.51916,2.20959,2.11518,4.30797,0.87576,1.35962,0.82176,0.74029,2.28,1.55244,1.18095,0.71774,0.94353,3.34641,0.59159,0.96726,11.29455,3.29122,1.07452,1.24431,1.71682,1.99763,1.27807,8.34403,0.96426,1.84659,3.30819,0.86024,1.07453,2.44539,2.8031,1.04381,1.06033,1
"8","13:13:36",4,"Female",4.40486,0.88709,0.90279,0.63412,0.61374,0.51706,0.71907,0.81634,0.57637,0.55349,2.44553,0.73151,0.62862,0.62109,0.83671,1.16006,1.26144,0.61927,0.59151,0.64373,1.23842,1.25881,1.47733,0.86676,0.94612,1.48392,3.71176,0.91376,0.62699,0.56521,0.68277,0.66504,1.21857,0.83327,0.66846,1.17073,1.4059,0.6329,0.75752,0.63346,4.45141,2.1777,1.61651,0.67809,0.66768,1.10844,0.71854,0.6144,0.64479,0.79898,3.08034,1.70468,1.12171,0.6642,1.16881,0.60442,0.61983,0.72621,0.71193,0.71664,0.61146,1.0902,0.7086,0.61791,1.04842,1.00122,0.86713,1.06397,1.31708,1.07823,1
"9","13:16:57",1,"Female",1.73848,1.11918,1.12728,1.20836,1.0753,1.61639,1.9222,1.99167,0.95245,1.72407,1.16407,0.69213,1.86517,0.90032,0.9546,1.20543,1.01364,0.87169,0.95283,0.58661,1.81505,1.44218,1.38655,3.45693,1.02081,3.24632,5.45723,1.52997,0.69761,0.54667,0.56249,0.56551,0.46319,0.44758,0.64592,1.57769,1.95189,0.65791,0.67237,0.97573,1.96317,2.6369,2.99201,0.93587,1.78176,1.64874,0.67621,0.50932,0.53731,0.72069,2.31298,1.83947,1.16014,1.79183,0.70443,1.17706,0.58036,1.09497,1.24021,0.51852,0.84569,2.50781,1.48954,0.78007,1.94459,0.81548,1.03848,1.15526,0.66401,1.11218,1
"10","13:22:47",3,"Female",2.86038,2.27021,0.72976,0.83783,0.81321,1.16377,0.77089,0.83593,0.64478,0.70409,5.56341,0.6231,0.53162,0.58407,0.73712,0.6457,0.59366,0.60788,0.60223,0.6476,1.9812,0.85481,0.64785,3.07809,0.67391,0.66395,0.7515,1.55032,0.64053,1.1466,0.64427,0.98931,0.81604,0.63194,0.90682,0.55735,0.72591,0.44642,0.7169,1.0741,1.68068,0.93163,0.6922,0.81479,1.10287,1.05071,5.21037,1.01407,0.79877,2.22168,8.62661,0.90761,0.68979,0.82618,0.63402,0.65285,0.58696,0.5376,0.54667,0.75096,0.54016,0.75649,0.58068,0.64871,0.75135,0.58542,0.63896,0.56074,0.51412,0.68656,1
"11","13:43:21",3,"Male",1.16144,0.82563,1.58271,0.56764,0.73467,1.08702,0.62562,1.04527,2.65557,0.60873,0.791,0.52536,0.68681,0.49865,0.55117,0.81957,0.5734,0.61986,0.55496,0.53888,0.77484,0.63228,1.12482,0.81433,0.9494,0.79985,1.26866,0.75303,1.20881,1.25918,0.61743,0.71481,0.59848,1.48026,0.8568,0.52744,0.60533,0.75596,0.80329,0.57391,0.67774,0.58623,1.14064,0.58699,0.75203,0.60366,2.08981,1.40589,0.59371,1.20082,0.93727,1.06529,3.24246,0.68786,1.04349,2.23673,0.74789,0.59269,0.94936,0.58706,0.61377,0.60434,0.52542,0.76732,1.01479,0.61539,1.26037,2.05447,0.60215,0.73668,1
"12","10:52:27",1,"Male",1.41572,1.26985,1.12273,2.0663,1.15133,0.91534,1.10659,0.82809,0.67992,0.90964,1.43251,0.90344,0.88235,0.81617,0.75557,0.81924,0.78604,0.77015,0.8788,0.78354,3.26369,1.72821,0.80504,0.96863,0.98626,0.97098,0.92635,0.88154,0.90953,0.82294,0.92933,0.93037,0.85962,0.82717,0.02756,1.25566,0.99206,0.89147,0.68028,1.62345,4.25904,1.19269,1.02392,2.63246,0.89634,0.86182,0.7099,1.01593,0.71321,0.60552,6.18722,1.1964,1.72366,0.88099,1.49751,0.7345,1.0553,0.86325,0.80112,0.74048,2.13559,0.85618,0.60336,1.18745,0.6717,0.56275,0.6019,0.83811,0.62861,0.61675,1
"13","22:33:35",2,"Male",6.88937,3.01904,1.69528,2.53949,1.26361,25.81958,9.4264,1.16189,1.28517,1.06001,1.85136,1.53321,0.88624,0.67832,0.67354,1.01514,0.99229,0.88017,0.75509,0.78901,5.05538,0.83768,1.75655,3.39857,1.30792,1.11812,2.95122,1.14463,1.34576,1.01841,1.71797,2.01321,0.94664,2.99428,0.79308,0.83643,2.16913,1.78393,1.24328,1.38256,3.34538,4.41209,2.48767,1.01965,1.18406,0.77095,0.70168,0.68536,0.57706,0.52594,4.58463,1.01934,0.63515,0.88951,12.13485,2.35467,2.37231,3.4599,6.0633,5.63774,3.17894,2.70904,2.11627,1.89511,0.6755,2.15356,1.65809,1.82441,1.51223,1.52474,1
"14","10:04:13",4,"Female",3.26318,1.02325,0.72786,0.66795,0.78308,0.82984,1.00031,0.73474,0.80187,5.80502,4.79156,0.97162,0.93407,0.54433,0.56886,0.59076,0.65798,0.76547,0.75135,0.6037,2.37743,0.7662,0.5396,1.22773,0.79913,0.89112,0.91464,3.60541,1.75586,1.00875,0.78286,0.60432,0.67883,0.92995,1.65971,1.13708,0.63204,1.40685,1.10712,0.87408,3.10847,0.64947,0.67014,0.79791,1.0333,0.58464,0.84618,0.77889,1.0608,0.59503,1.48657,2.65683,0.85002,0.51376,0.64074,0.5972,1.2059,0.63215,0.65025,0.70252,0.74605,0.54126,1.61796,1.86827,0.95148,1.59399,0.82597,0.8791,0.51909,0.57405,2
"15","10:17:41",2,"Female",1.18902,1.15294,0.89239,1.09861,0.6708,0.79381,1.30693,0.75698,1.50802,0.8871,0.84988,0.49972,0.4019,0.43098,1.34796,0.76258,0.74037,0.57699,0.73182,0.49619,1.31063,1.44798,0.79596,0.89509,1.31973,0.78411,0.68909,0.8506,2.01526,1.00688,1.86212,0.6868,0.73913,0.62884,0.68951,1.59768,0.68478,0.85092,1.62698,0.79198,1.93443,0.65247,0.76251,0.7144,0.7285,0.69711,0.87086,1.11623,1.90367,0.74024,1.08905,0.95168,2.75601,1.39298,0.79277,1.31725,0.95001,1.73078,1.22592,0.62529,0.7417,1.11449,0.60927,0.93221,1.37894,1.87293,0.8619,3.28808,0.90883,0.72414,2
"16","10:21:28",2,"Female",5.91596,33.97354,5.9408,4.08446,7.00776,4.20235,1.89934,1.41702,0.94099,1.11362,6.6611,1.18407,0.76913,0.74873,1.29516,2.8488,0.69467,0.65235,0.71409,0.74476,8.87122,1.37709,0.91981,0.93712,1.12508,0.75149,0.74313,0.58612,0.94476,1.43116,1.27892,0.95408,1.18296,0.80428,0.9917,2.00801,0.76517,2.14557,1.68107,0.68398,6.95097,1.40552,0.90625,0.865,1.43177,1.91116,1.15398,1.34068,0.76849,0.78863,14.23155,2.67815,1.8751,1.05889,0.69801,0.59095,0.98218,0.50901,1.90187,1.14701,0.79585,0.89517,0.89561,5.80452,0.97025,0.75721,1.49828,1.35304,1.69947,1.348,2
"17","10:27:04",3,"Male",2.91885,2.19028,0.76409,0.84538,1.42951,1.08604,0.97907,1.21576,0.98843,0.94168,1.72611,1.46402,1.15371,1.04129,1.13993,1.06888,1.17207,1.53696,1.10411,1.41783,2.03233,0.98182,1.26808,1.31106,0.83433,1.32508,0.88858,1.36471,1.17202,0.82992,1.40726,0.9342,0.66943,2.32401,1.63209,1.51598,0.86986,0.77915,0.90778,0.75636,6.45362,0.89734,1.67902,0.87293,4.42443,1.44403,0.81114,5.53893,3.05273,1.99701,2.03104,2.2055,1.88402,2.35509,1.25899,1.2819,1.81028,0.96051,1.25394,1.673,0.72035,1.26766,1.77379,0.86622,0.81484,0.77208,0.83695,0.86993,0.93181,1.88909,2
"18","10:31:06",3,"Male",1.94191,1.11442,1.54829,1.25269,0.69366,0.83553,0.63254,0.63825,0.65989,0.74149,1.30075,1.4361,0.86789,1.13217,5.24514,1.30578,1.0607,0.79275,0.69487,0.78341,2.22042,1.03448,0.69995,0.95094,2.51202,5.32297,3.16864,0.64113,0.66299,0.61576,0.82782,0.66172,0.5381,0.58491,0.79469,0.74947,0.60623,0.75896,0.69514,0.547,1.77807,0.76487,0.88598,0.57218,0.5098,0.6022,0.64598,0.61715,0.50063,0.42893,4.18765,0.89923,1.31245,0.60634,1.55363,1.41531,0.9081,0.99892,4.5493,0.98967,1.00588,0.63405,1.17165,0.96322,0.56602,0.83782,0.82719,0.88909,0.77184,1.84807,2
"19","10:34:22",3,"Female",4.4535,1.23119,0.94526,1.10401,0.94688,1.08809,0.82689,0.96611,1.11689,1.04499,2.39632,0.65072,1.04011,0.68496,0.75391,0.69984,1.13511,1.18596,0.75223,0.61926,5.10915,0.94282,0.76499,0.62392,0.81795,0.73086,1.09321,0.79405,0.70288,0.91908,1.14084,0.67248,1.04836,0.87994,0.76825,0.73175,0.85918,0.53381,0.66596,0.69612,5.69327,0.66897,31.65137,3.26344,1.20792,0.67326,0.7217,0.83902,0.6815,0.70174,1.56204,0.68723,0.79498,0.68903,0.78582,0.61192,0.94707,1.07896,0.64772,0.75234,0.6962,0.84767,0.68337,1.18965,0.77769,0.92518,0.69109,0.89994,2.19307,0.59561,2
"20","10:45:03",2,"Female",1.87682,1.0895,0.81935,0.94586,1.34786,0.69726,0.86959,0.84937,0.86781,0.70806,1.3033,1.05734,0.98158,1.02817,1.05566,0.78632,1.72787,0.72898,1.40706,0.70726,1.0463,0.67523,1.78391,3.40793,1.79696,1.65407,4.03108,1.4148,1.04787,0.69294,1.69591,3.90803,1.26726,1.27669,1.67103,0.64088,0.77988,1.1269,1.93139,1.13422,1.55394,0.82539,0.90071,0.63593,0.57585,0.63008,0.52688,0.46012,0.4629,0.49586,4.85034,1.03066,0.63985,2.73021,1.09115,3.14865,1.61288,2.71022,8.70669,1.61025,1.44346,1.52897,2.462,2.09797,1.32096,1.0992,0.91379,0.90914,1.37175,0.88284,2
"21","10:48:56",4,"Female",28.44101,2.70234,13.61973,2.24391,1.51315,3.19401,4.05063,3.63893,1.11691,2.72798,2.77472,1.2071,1.19722,1.12984,1.09401,2.54987,1.7091,1.73029,0.84251,0.06915,1.64788,1.22178,0.65634,0.60104,1.14089,2.00413,1.15979,1.47709,1.61595,1.25495,0.93875,0.82428,0.70098,1.26028,1.05254,1.53799,0.85391,0.80711,3.00505,1.2189,9.26008,9.87195,1.56881,1.05321,1.01929,1.21793,2.1742,2.49795,2.1767,1.64504,4.97745,9.51516,2.51104,0.94596,1.241,2.27739,3.27634,1.62913,2.22886,2.28591,0.8472,1.04101,0.87482,1.55492,0.87596,1.26967,5.05321,1.50609,1.57987,1.08713,2
"22","12:32:35",3,"Female",1.12456,0.66066,0.96213,0.87873,0.58109,0.78892,0.67488,0.66024,0.63311,0.59975,0.769,0.50699,1.06899,0.64386,0.65335,0.59302,0.60484,0.5225,0.59731,0.52905,5.00498,0.97225,1.21592,0.75592,1.23789,0.75702,0.57189,0.55506,0.58479,0.38609,0.55209,0.67397,0.88191,0.72381,1.31322,0.53293,0.67025,0.72693,0.84388,1.02899,1.06724,0.93743,1.10558,0.97437,0.78082,0.64311,0.56099,0.58707,0.53893,0.68594,1.34067,1.24205,0.83101,0.634,0.63599,0.55537,1.42463,1.49767,1.59508,0.67619,0.86618,1.17137,1.33024,2.32886,1.50726,0.58477,0.615,0.86194,0.63815,0.42501,2
"23","13:08:45",1,"Female",1.84487,0.68611,0.64146,0.53922,0.71658,0.75222,0.75736,0.73197,0.60812,0.6122,0.56718,0.6551,0.54689,0.70795,0.6392,0.53165,0.67007,0.68598,0.60599,0.57298,2.06271,0.95394,0.88099,0.95694,0.92765,0.83811,0.6031,0.53823,0.57461,0.68316,0.66194,1.3956,0.78249,0.58386,0.78796,0.54212,0.54833,0.55112,0.59071,0.72056,1.15604,0.57527,0.65726,0.73868,0.60397,0.71499,0.64615,0.76577,0.80311,0.58694,1.24562,1.14949,0.77521,0.79528,1.09583,0.7549,0.91932,0.6377,0.78995,0.72403,0.99605,1.03188,0.60509,0.55382,0.59306,0.67798,0.64269,0.69747,0.56781,0.58604,2
"24","13:15:00",3,"Female",9.01665,1.22373,3.0977,0.38437,11.85007,2.9333,1.97495,1.1599,22.15189,2.41831,7.07852,2.11636,2.84063,1.0382,2.346,2.99183,0.73493,0.92938,1.15562,1.09103,11.43184,3.80565,1.88942,0.93093,1.92008,0.77619,1.86673,2.32608,3.56962,42.79825,6.90338,2.61679,2.37702,0.74699,5.48476,1.09882,4.93116,4.99047,1.09589,30.77059,8.81838,2.52387,14.86847,2.43291,4.12587,1.70959,3.57587,0.70778,0.77924,1.59207,4.58838,0.75402,0.66211,0.76894,0.67696,1.50786,0.77018,2.70818,4.44673,1.81711,1.87197,1.49917,1.15484,1.1538,1.24511,2.7399,1.33687,1.93712,1.44963,1.72012,2
"25","12:47:50",2,"Male",1.25553,0.64376,0.70078,0.61022,0.60784,0.81462,0.77647,0.63791,0.66096,0.65597,0.93647,0.72397,0.58255,0.63935,0.63335,0.6147,0.64003,0.58493,0.69698,1.10298,0.94972,0.67146,0.59739,1.19307,0.72396,1.00259,0.60527,0.66204,0.85803,0.59981,0.60014,0.58888,0.60086,0.60213,0.70897,0.79599,0.80604,0.75195,1.60395,0.71405,1.48488,0.66133,0.54968,0.62755,0.56114,0.60691,0.71298,0.68953,0.75411,0.66599,1.09359,0.65297,0.571,0.61901,0.65591,0.65799,1.04803,0.81536,0.59142,0.57816,0.66899,0.56116,0.57977,0.59104,0.52674,0.54613,1.02997,1.03706,0.74695,0.62502,2
"26","12:53:05",4,"Male",1.10227,1.052,1.07427,1.15797,1.29693,0.82919,0.99394,1.02791,1.26545,1.60246,1.61438,0.71066,0.6406,0.5864,0.60785,0.51401,0.59385,0.67611,0.60666,0.60209,0.88406,0.76811,0.99398,0.73496,0.75833,1.3996,1.40288,1.41698,0.61674,0.72208,0.74709,1.0953,0.67875,1.33406,0.73068,0.72096,1.32717,0.89602,1.03286,1.88066,3.84369,1.12354,0.66928,0.87101,2.17482,1.33923,0.7309,0.68103,0.81632,0.62737,1.01355,0.73218,0.94073,1.7473,1.08663,0.89193,0.7014,1.61507,0.60559,0.60348,1.0193,1.04716,0.84211,1.01301,1.00672,0.62817,0.69189,0.5011,1.01659,1.02715,2
"27","15:06:18",3,"Female",7.6605,4.40577,0.79252,1.34248,1.17156,1.27688,1.13402,4.8479,3.43966,1.61212,6.66391,1.7711,0.74379,1.85106,0.58193,0.72899,1.06067,0.52623,1.11189,0.52809,9.82814,1.63825,0.69901,0.92804,0.67605,0.531,0.79198,1.20892,0.95464,0.54332,2.87481,0.87254,0.60452,0.71504,0.54294,1.28269,0.8652,0.94808,0.93093,1.51508,6.10854,0.74424,1.40502,0.61193,0.87198,0.52303,1.22392,1.22013,0.60365,0.53119,1.86391,0.08958,1.17436,2.86484,1.79813,2.07793,1.176,1.56093,2.78782,2.65508,1.43114,0.44462,0.77775,0.69641,0.40892,0.75205,0.66701,0.43092,0.25206,0.42308,2
"28","15:10:15",1,"Female",11.14304,2.75628,1.99178,3.65849,5.34506,3.76896,8.59783,1.9651,3.14248,1.94684,2.43857,1.68087,1.41894,3.32732,1.15097,3.38203,0.90123,0.94358,1.25303,3.676,5.00244,10.81544,6.11851,1.82918,4.40112,1.22535,6.50008,1.4107,2.22394,1.02956,1.59591,1.98839,2.58497,8.58256,3.13814,4.30883,2.75799,5.39955,3.80786,1.96789,6.45527,7.16712,2.45949,4.83124,1.50243,1.2019,1.38387,2.71251,4.58341,3.46065,8.20445,4.54544,1.76027,2.17097,1.53898,1.12996,2.19995,1.41601,2.26913,1.74371,0.86447,1.10002,2.37793,2.19253,8.07034,1.91811,2.2742,1.10501,2.31897,1.07186,2
"29","15:16:58",3,"Female",2.21359,0.89136,0.79221,0.9764,0.62144,0.6173,0.5661,0.93496,1.22219,0.76077,1.0039,0.69799,0.68799,0.63104,0.55101,0.64349,0.59353,0.73037,0.61311,0.52707,3.28809,0.54233,0.85787,0.63615,0.5699,2.11699,0.58872,0.94873,1.0865,0.69097,1.93789,0.73106,0.56496,1.27598,1.047,0.70892,1.154,0.69728,0.59565,0.96498,1.2788,0.66281,0.79109,0.97162,0.57467,0.65858,0.66465,0.84948,0.8978,2.58496,1.18144,1.19255,2.00306,1.94586,0.81199,0.87912,0.70983,0.58209,0.77198,0.67798,0.66503,1.15385,0.71709,1.60495,0.68898,0.56888,0.81005,0.60168,2.35226,0.81096,2
"30","15:19:44",1,"Female",2.03181,0.98011,0.88695,0.70693,0.76991,1.23209,0.82697,0.58624,1.26676,0.58694,1.88348,0.69127,0.63498,0.72821,0.68284,0.66786,0.62483,0.6893,0.92593,0.79395,6.55425,0.77578,2.05222,1.07484,1.13091,1.7799,1.83764,2.48733,0.84495,0.76796,2.53202,0.67397,2.0119,1.95643,1.25553,0.9994,2.30949,1.11895,0.67191,1.13702,1.09527,0.82313,0.83113,0.72482,0.95744,1.03395,1.81096,0.70505,0.65966,1.34924,4.67428,0.9383,1.87198,1.38201,1.04397,0.79496,1.31709,0.82294,1.15294,0.81082,0.79097,0.81703,0.61808,1.12296,0.82761,0.70118,1.00822,0.78188,0.92805,0.97387,2
"31","15:26:03",1,"Female",3.14117,0.73273,0.77772,1.30887,0.8067,0.76727,0.70752,0.67448,0.89999,0.77931,7.78648,0.75609,0.68104,0.61991,0.5871,0.71003,1.16805,0.66711,0.68894,0.64897,10.02336,0.59616,0.77508,0.54698,0.77101,0.60397,0.6309,0.635,0.95501,0.56693,0.60456,0.63232,0.63402,0.56311,0.665,0.81404,0.63944,0.75654,0.77195,0.71287,5.60976,0.68042,1.03346,0.64598,0.52896,0.66607,0.62823,0.59765,0.686,0.68693,7.0899,4.47224,1.02112,0.7773,0.94411,0.64785,4.68353,2.06053,2.59261,1.00902,1.20102,0.79886,1.01998,2.17382,5.22186,1.13129,0.96191,1.08904,1.69705,0.77877,2
"32","12:09:09",4,"Female",4.41377,3.4325,1.31752,1.03414,0.7104,0.76296,1.19212,0.84333,0.88784,0.62288,2.45665,0.75734,0.79668,0.63975,0.62414,0.65824,0.46997,0.58799,0.44691,0.52809,0.91785,0.93934,1.57185,0.82304,3.60655,0.88842,0.90494,0.38032,0.76313,0.90873,1.62273,1.03673,0.85044,1.21486,0.86531,0.98668,0.6026,0.80126,0.5553,0.55903,2.63004,2.11032,3.01075,1.11335,0.71388,0.74984,1.46948,1.48474,0.66413,0.94538,0.89972,0.41184,0.67584,0.87459,0.63442,1.0503,0.56716,0.72466,0.51926,0.87738,0.72925,1.0166,1.26799,0.79167,0.49785,0.89993,0.71592,0.78123,0.7642,0.4961,3
"33","12:15:50",3,"Male",1.67281,0.83093,2.02887,0.72297,0.89951,1.38007,0.89493,0.64899,1.33029,0.81053,1.63564,0.99806,0.7313,0.90578,0.68374,0.89978,0.75855,0.81599,0.8816,0.66661,0.9679,0.84185,0.90958,0.85877,0.78601,0.60939,0.70784,1.09011,0.6651,1.63356,0.70602,0.7641,0.93712,0.55197,1.2482,1.15865,0.62783,0.94109,0.70372,0.80746,2.17357,1.6885,0.84911,0.87656,1.2681,0.68935,0.72311,0.62682,0.73648,0.50718,2.09311,1.0126,3.89188,0.96139,1.92545,0.87422,0.80298,1.26208,1.21954,2.07157,1.69185,1.7147,0.8401,0.65557,0.73557,0.99421,0.66914,0.66879,0.7844,0.53513,3
"34","12:18:55",1,"Female",1.50603,0.71719,1.3417,0.79751,0.76839,0.80071,0.64123,0.67957,0.69741,0.83669,6.78284,0.9221,3.17978,0.89714,0.73756,0.53566,0.61583,0.63741,1.11174,0.53292,2.61316,0.90615,6.63153,1.14381,1.0634,1.17555,0.72964,0.71521,0.72348,0.70368,1.65116,0.9129,0.7289,0.69138,0.72037,2.12754,1.12816,1.22009,2.08311,0.76967,1.9362,1.007,1.82238,1.57131,0.72785,0.6618,0.80668,0.65709,1.68591,0.76282,2.28377,0.66482,3.94817,0.82044,0.77529,0.85521,0.85447,1.34083,1.87472,1.03735,0.81114,1.36882,1.68842,3.67213,1.25204,1.74263,0.98439,0.97042,1.34849,1.62844,3
"35","12:21:59",1,"Male",2.11635,1.15315,1.27498,0.69811,0.69028,0.76248,1.67261,0.67366,1.0867,0.94548,3.3499,1.29361,0.70696,0.61216,0.76662,0.8273,0.57996,0.97082,0.78751,0.97581,4.34558,0.67503,1.06143,1.2037,1.11672,0.65213,0.75815,0.57655,0.59601,1.06135,1.07227,1.00412,0.83376,1.08748,0.72752,1.11138,0.93772,1.1409,0.74849,0.93982,3.34651,2.0929,0.67136,2.78344,1.00769,0.67972,0.76883,0.65022,0.65075,0.82235,3.07586,1.71125,2.62283,1.33569,1.84726,1.09286,1.18611,1.68918,2.63332,1.60605,1.02011,1.02184,0.72351,1.01549,0.79643,0.98747,0.97028,0.705,0.90598,1.15125,3
"36","12:24:52",4,"Female",4.97909,1.14033,2.29381,1.06365,0.76268,0.74401,1.33309,1.36488,0.73432,0.88905,1.82449,0.65043,0.74247,0.88329,0.62204,0.73021,1.20155,0.71661,0.60831,0.81082,1.64452,0.74393,2.46017,1.16244,0.91621,1.34724,1.48662,1.7393,0.854,0.84519,2.0293,1.02074,0.65968,0.63997,1.61497,0.62956,0.71107,0.57677,0.85236,1.21553,1.98863,0.54175,0.63805,0.54959,0.7537,0.7707,0.91875,0.78947,0.49745,1.32202,1.31269,1.18612,0.53877,0.49444,0.47992,1.27153,0.56433,0.89851,1.302,0.79825,2.84854,1.37958,2.08601,0.613,0.54795,0.72392,0.52507,0.65632,0.84993,2.52009,3
"37","12:28:24",4,"Female",2.78485,1.88755,1.23689,0.70539,0.92412,0.76906,0.70454,0.84073,0.99208,0.6915,0.81039,0.69953,0.53254,0.57023,0.45101,0.51807,0.50205,0.63401,0.55125,0.56686,0.88804,1.20598,0.82866,0.87382,0.73031,1.01792,0.69196,1.10862,0.99475,0.57119,0.80921,0.84203,0.62937,0.71326,1.401,0.64622,0.63251,0.67802,0.51813,0.5948,1.65399,0.65881,0.7253,0.51783,0.61882,0.98785,0.83933,0.78069,0.59406,0.47702,1.4344,0.71595,0.86869,0.80073,2.3017,0.89782,0.62038,0.69371,0.64463,0.85936,0.68007,1.88533,2.68446,3.8003,0.81827,1.64554,0.6124,1.096,0.68447,0.6644,3
"38","12:30:56",3,"Male",2.1101,0.95915,0.85576,0.95773,0.74234,0.83122,0.72239,0.62376,2.52062,0.90932,1.90171,0.67002,0.69677,0.60349,0.60864,0.54292,0.57807,0.64551,0.79442,0.64996,1.37079,1.46104,1.68254,1.31156,0.83012,1.10608,1.87733,1.71272,0.81976,0.83764,0.82026,0.89161,1.80478,1.38311,0.80242,1.30367,0.63625,0.70169,0.79945,0.63166,1.95188,0.96269,0.76152,0.78375,0.74413,0.58396,0.8565,0.73608,0.83135,1.23989,1.33642,0.80354,1.92978,1.39627,2.35855,2.3868,1.40257,1.26445,0.97921,0.68601,0.91033,1.01235,0.99142,0.92196,0.59017,0.53889,0.62926,0.84762,1.03337,0.78999,3
"39","12:33:00",3,"Male",3.40687,1.16101,1.24921,0.98594,0.86309,1.89876,1.08765,0.94304,1.14814,1.67593,3.46044,1.32843,0.51887,0.57167,0.50113,0.50785,0.54829,0.55612,0.89593,1.49863,2.01426,1.09358,2.16061,1.7067,0.61566,0.48665,0.69693,1.61467,1.42304,0.60758,0.72238,1.53218,0.82076,1.41633,0.48212,1.0102,1.18014,0.68379,0.80722,0.8805,5.85502,0.72921,0.56023,0.51041,0.6573,1.21844,1.88599,0.59158,2.36652,0.78223,5.58776,1.07243,2.37365,0.71802,4.47933,8.4144,0.7148,1.15286,5.85021,0.9338,0.7979,1.41055,1.22772,0.72426,1.54179,0.78428,0.56565,1.04533,0.50863,0.95738,3
"40","12:37:44",1,"Male",1.65042,1.82363,1.59092,0.9339,1.62167,1.77629,0.91549,0.64676,0.82501,1.06825,1.59769,0.5653,1.00768,0.64348,0.9434,0.8085,0.77946,0.64984,0.88332,1.0731,1.38749,2.30652,0.65816,0.74218,1.09182,2.08176,0.68259,0.77895,0.91807,0.78106,0.54157,0.7354,1.09688,0.6882,0.5772,0.78799,1.04916,0.56667,0.71712,0.63811,1.39793,2.33753,0.64401,0.86796,0.80248,1.00686,0.84101,2.25535,0.76689,1.20319,20.24773,7.25116,4.15018,2.43076,3.34368,1.11006,0.95438,0.84757,1.47129,1.67866,1.33392,3.13853,0.64378,2.04461,0.69656,0.56743,0.95543,0.51645,0.47763,1.00446,3
"41","12:42:25",2,"Female",3.14395,1.33817,0.95422,1.72336,0.6912,0.78963,2.13615,0.78388,2.72012,0.80486,1.36296,0.92907,0.79028,0.97072,0.76307,0.80627,0.70715,1.08252,0.78297,0.84066,1.22068,10.32189,0.87911,3.25552,4.63765,2.57956,0.85445,3.74763,1.38335,1.0365,0.94412,1.40219,0.69359,0.65015,0.94086,0.84846,0.78156,0.74282,2.18454,0.69255,11.53839,0.82434,0.8083,0.88584,1.08268,2.51183,0.65149,0.73341,0.72138,0.56972,3.97184,1.40069,0.78812,0.90283,0.5679,1.52932,1.93216,1.38,0.6761,0.76838,0.6612,0.63591,0.63919,0.80242,1.0143,0.88367,1.38807,0.69093,0.93669,0.91212,3
"42","12:46:01",2,"Female",4.53097,1.35892,2.56204,1.04665,0.90603,0.76467,4.01545,0.63985,0.70362,0.64048,1.17149,0.5944,0.62484,0.70296,0.7647,0.78115,0.64115,0.71779,0.68813,0.96852,3.23362,1.98402,0.89043,0.76543,1.60901,0.73419,0.84356,0.73441,1.17131,0.65617,0.79659,0.90615,2.64001,0.46864,0.68723,0.71869,2.58281,0.68572,2.99663,0.71833,9.6659,3.32736,1.24971,0.68732,1.70274,0.76543,1.01541,0.76465,1.1716,0.57877,6.0775,1.59337,4.03032,4.54522,4.98381,0.92098,1.79713,2.59236,3.4367,1.23411,1.06223,0.76545,1.81208,1.04743,0.9529,0.82792,2.90485,0.64121,0.76544,0.81166,3
"43","13:04:00",2,"Male",3.30137,0.98295,0.99067,1.03806,1.71349,1.38841,0.71839,0.78108,0.74904,0.56317,1.12469,0.60924,0.57871,0.93727,0.76546,0.56165,0.57869,0.56239,0.64047,0.95223,1.57844,1.12473,1.49965,0.74982,0.87401,0.76556,0.87547,1.20205,0.64126,1.35838,0.65598,0.53191,0.82794,0.96851,0.60923,0.96852,0.57801,0.56234,0.60926,0.76546,1.43715,0.57733,1.96895,0.54596,0.65689,0.64049,0.67103,0.73454,0.56198,1.01539,2.67121,1.15521,0.73497,2.0464,1.04596,0.53181,0.76546,0.70294,0.60924,1.24974,1.8433,3.04549,1.12475,1.29724,0.71856,1.23408,0.71786,4.41599,0.67364,0.95051,3
"44","13:08:03",2,"Female",4.84341,1.62462,2.45188,1.23477,3.8897,1.01539,2.42132,1.56214,1.12407,1.10964,2.71891,1.031,1.76455,1.73464,1.32783,2.14012,1.62462,1.20283,1.32783,0.65611,7.70214,1.51446,1.20296,0.813,0.90601,1.56136,0.90682,0.87471,3.31115,1.09416,0.56159,1.34344,0.84355,0.90684,1.07789,1.73396,0.78109,0.99902,0.68804,0.85841,5.79619,1.04592,2.62431,1.1352,1.61744,0.60127,0.8416,0.8052,0.97044,0.94431,4.13793,4.76463,0.90596,5.85877,3.92016,1.14116,0.578,0.81162,0.76546,0.60992,0.71855,0.48349,0.56236,0.71938,0.63968,0.75062,0.74983,1.18723,0.48359,0.60991,3
"45","13:15:24",4,"Female",1.48481,1.10912,0.81233,0.73341,0.67252,0.54595,0.57799,0.73499,0.74984,0.60921,0.7187,0.90592,0.62492,0.60923,0.57871,0.76477,0.51551,0.81299,0.53044,0.62552,0.90686,1.31216,0.68655,0.65691,0.68733,0.74982,1.12473,0.65532,0.57877,0.92167,1.48402,2.23387,0.82792,2.79623,0.98416,0.98333,0.59362,0.6569,0.68732,0.74983,0.53182,0.54595,0.53192,0.49912,0.6092,0.64128,0.53112,0.56239,0.53109,0.57722,0.62628,0.90617,1.02291,2.28049,0.56239,0.67092,0.62486,0.57801,0.51548,0.54681,0.6404,0.57799,0.71862,0.57877,0.53031,0.62493,0.54748,0.56237,0.65607,0.51484,3
"46","13:19:44",2,"Male",5.8588,1.32783,2.13933,3.01492,2.24947,1.27645,0.95126,3.76177,1.87219,0.976,2.38364,1.78072,1.67229,1.46761,1.3911,1.09348,0.99898,1.15677,1.06146,1.17239,1.87535,1.42155,6.24852,6.59224,2.15574,1.5309,2.59246,1.46908,1.06226,1.43636,1.01618,0.92168,1.32701,0.81232,0.76626,2.68606,0.8912,0.7967,1.04633,0.76578,3.67171,6.62345,2.49943,1.42074,1.28176,1.1716,1.43714,0.78061,2.31243,0.82792,1.81286,3.20239,1.21845,2.29566,1.45347,1.0146,0.95875,1.03656,1.3303,2.77684,1.04224,1.02395,0.92061,1.07486,1.07788,1.04746,1.59255,0.87559,0.85917,1.79646,3
"47","13:34:05",2,"Female",1.16256,0.67452,0.66247,0.5122,0.68265,0.56482,0.57375,0.66126,0.73113,0.54546,1.2924,0.6018,0.48209,0.58532,0.49022,0.54829,0.60988,0.71468,0.70196,0.61179,0.84235,0.59754,1.30068,2.11385,0.76701,0.77397,0.56831,0.59604,0.8556,0.60998,0.68769,0.81099,0.9419,0.86643,1.10019,0.67261,0.64402,0.60443,0.61619,0.62524,1.41569,0.59559,0.62404,0.78138,0.61814,0.53498,0.54908,0.63012,0.59572,1.12527,0.94566,0.69319,1.01789,0.65675,0.88083,0.65898,0.6527,0.60892,0.58353,1.0405,0.65804,0.58805,0.60994,0.73161,0.70612,1.02217,1.17518,0.58366,0.54995,0.6342,3
"48","18:44:15",2,"Male",2.16066,1.30015,2.96518,0.76472,0.87708,0.86198,1.07855,0.78448,0.89125,1.04823,1.85962,0.71856,0.81238,0.65605,0.64044,0.67098,0.48505,0.6092,0.56157,0.54755,2.922,1.50653,0.71862,0.71854,0.8486,0.99981,0.64044,0.86354,0.65623,0.5998,0.76535,1.03362,0.87851,0.79853,0.87741,0.69131,0.64127,0.67088,0.6237,0.84357,2.91257,0.78041,0.75735,0.91181,1.10962,0.84743,0.76748,0.60854,1.17637,0.71867,2.0987,0.59348,0.75319,2.09936,0.70296,0.98497,0.6561,0.76545,0.68734,0.9685,0.79667,0.60926,0.79668,0.90534,0.9536,0.98411,0.71861,0.87474,0.60929,2.02903,3
"49","22:25:03",2,"Male",14.68408,4.32787,0.71775,0.89126,0.89035,0.71863,0.68699,1.29608,0.68746,1.17157,1.48483,0.60857,0.56237,1.1723,0.82709,0.65695,1.23338,1.03171,0.70212,0.57799,1.79281,1.45107,2.3104,2.55629,2.07723,0.81735,0.95374,0.92167,1.21844,0.99967,0.8124,0.95291,1.45196,0.75066,0.76487,0.71914,1.04589,1.53164,1.23336,0.64114,4.39031,1.63957,0.70359,0.6867,0.90605,0.70295,1.31206,0.85997,1.01465,0.75055,2.62427,1.6565,1.87392,0.73504,2.17135,0.8115,0.59375,1.49963,0.71926,0.68653,1.65668,4.48334,0.95288,1.21846,1.99952,2.09328,0.67174,1.77999,0.98498,1.18721,3
"50","22:28:54",2,"Male",2.1402,1.17232,1.01461,0.93809,1.17157,1.07786,0.93729,0.74986,0.81228,0.67176,1.06295,0.56238,0.56234,0.99914,0.68798,0.56238,0.56154,0.64062,0.73419,0.84343,0.82864,0.74901,5.42144,1.85819,0.67246,0.82789,0.90607,0.95295,0.57794,0.63966,2.29712,1.18727,0.49986,0.73418,0.82796,1.56214,2.98286,1.06235,0.75056,0.90535,2.92186,3.24881,1.5282,3.48042,0.77291,0.7836,0.70392,0.60357,0.65552,0.60263,2.70321,1.7183,1.1404,1.59261,1.18793,3.76397,0.90684,0.78108,0.73353,0.75054,1.09346,1.51448,2.04637,0.84355,0.96936,1.65586,2.3744,0.88963,0.89125,0.93645,3
"51","22:32:27",1,"Male",1.54665,2.01584,1.31189,1.09374,0.71782,0.8123,1.0935,1.37484,0.85915,1.26533,1.00052,0.71858,0.56234,0.68739,0.62485,0.74916,0.67236,0.82123,0.61735,0.68705,0.75509,1.29505,0.68815,0.65611,0.82791,0.82727,0.68725,0.56233,0.82793,0.8123,0.84355,1.3903,0.84355,1.34347,0.71857,0.73421,0.7342,0.71859,1.26539,0.67165,0.95375,0.79584,1.31301,0.60842,0.76626,1.18724,0.70296,2.04633,0.92109,0.60981,1.06054,3.22947,3.14072,0.89041,0.57795,0.70302,3.78036,2.21822,0.57718,0.68817,0.98411,2.64003,1.67148,0.96769,3.14021,0.56205,1.56267,0.65571,0.75051,0.62483,3
"52","22:37:33",4,"Male",2.32839,1.06143,1.17175,0.76614,0.62481,0.62485,0.46785,0.81314,0.54628,0.62525,1.0161,0.4999,0.57715,0.46945,0.54584,0.61913,0.53976,0.86572,0.50755,0.5022,0.90663,0.5175,0.68874,0.67206,0.58494,0.67911,0.58093,1.0162,0.79603,1.32766,0.53116,0.60934,0.5162,0.71854,0.46789,0.54754,0.59355,0.45304,0.49908,0.68735,2.76487,0.75062,0.73354,0.65604,0.71849,1.42238,0.8271,0.5937,0.56229,0.54757,1.65653,0.85916,4.29508,5.07694,2.7814,3.32731,0.4999,0.71862,2.59278,1.85927,0.88962,1.17241,1.01459,1.0474,0.76548,0.6866,1.0474,0.64044,0.56202,0.922,3
"53","11:42:21",4,"Male",1.8291,0.94158,0.71982,0.66294,0.93336,0.72191,0.72115,0.74769,0.71559,0.73802,0.65789,0.56158,0.67449,0.64842,0.65392,0.65315,0.6925,0.6898,0.6764,0.65749,1.02751,0.77924,0.82977,3.76867,2.09951,0.6729,0.57755,0.58147,0.61947,0.58739,0.79501,0.83432,1.10967,0.72845,0.67483,1.33369,0.98621,0.59122,0.73824,0.74234,1.22772,1.30837,0.8362,1.12972,0.94508,0.78405,0.58108,0.75077,0.64197,0.85113,0.7744,0.75246,0.91336,0.7738,0.87421,0.78408,0.78957,0.90883,1.56147,2.15266,1.29687,1.90665,0.69095,1.4744,0.79116,0.6643,0.75322,0.72312,1.27902,0.79783,3
